Workbook

Sheet Resumo
A1: N | B1: Energia | C1: Tempo Exe | D1: Tempo CPU | E1: Potência Exe | F1: Potência CPU
A3: Bolha
A4: 10000 | B4: =Bolha!B14 -> 554.936 | C4: =Bolha!C14 -> 18.23104 | D4: =Bolha!D14 -> 18.211798 | E4: =Bolha!E14 -> 30.430032 | F4: =Bolha!F14 -> 30.462344
A5: 20000 | B5: =Bolha!B27 -> 2356.341 | C5: =Bolha!C27 -> 74.934149 | D5: =Bolha!D27 -> 74.915598 | E5: =Bolha!E27 -> 31.443988 | F5: =Bolha!F27 -> 31.451921
A6: 50000 | B6: =Bolha!B40 -> 14340.363 | C6: =Bolha!C40 -> 455.56389 | D6: =Bolha!D40 -> 455.49997 | E6: =Bolha!E40 -> 31.480141 | F6: =Bolha!F40 -> 31.484535
A8: Bolha Melhorado
A9: 10000 | B9: =Bolha_Melhorado!B14 -> 341.227 | C9: =Bolha_Melhorado!C14 -> 11.029486 | D9: =Bolha_Melhorado!D14 -> 11.012194 | E9: =Bolha_Melhorado!E14 -> 30.94057 | F9: =Bolha_Melhorado!F14 -> 30.989137
A10: 20000 | B10: =Bolha_Melhorado!B27 -> 1339.817 | C10: =Bolha_Melhorado!C27 -> 43.208074 | D10: =Bolha_Melhorado!D27 -> 43.190346 | E10: =Bolha_Melhorado!E27 -> 31.010365 | F10: =Bolha_Melhorado!F27 -> 31.0232
A11: 50000 | B11: =Bolha_Melhorado!B40 -> 8355.176 | C11: =Bolha_Melhorado!C40 -> 270.30058 | D11: =Bolha_Melhorado!D40 -> 270.24537 | E11: =Bolha_Melhorado!E40 -> 30.919026 | F11: =Bolha_Melhorado!F40 -> 30.925247
A13: Inserção
A14: 10000 | B14: =Inserção!B14 -> 234.286 | C14: =Inserção!C14 -> 7.584747 | D14: =Inserção!D14 -> 7.5684433 | E14: =Inserção!E14 -> 30.889038 | F14: =Inserção!F14 -> 30.955276
A15: 20000 | B15: =Inserção!B27 -> 951.971 | C15: =Inserção!C27 -> 30.748385 | D15: =Inserção!D27 -> 30.734037 | E15: =Inserção!E27 -> 30.957625 | F15: =Inserção!F27 -> 30.972015
A16: 50000 | B16: =Inserção!B40 -> 5982.526 | C16: =Inserção!C40 -> 192.48124 | D16: =Inserção!D40 -> 192.42763 | E16: =Inserção!E40 -> 31.081087 | F16: =Inserção!F40 -> 31.089745
A18: Inserção_Melhorado
A19: 10000 | B19: =Inserção_Melhorado!B14 -> 152.473 | C19: =Inserção_Melhorado!C14 -> 4.9812847 | D19: =Inserção_Melhorado!D14 -> 4.967694 | E19: =Inserção_Melhorado!E14 -> 30.610247 | F19: =Inserção_Melhorado!F14 -> 30.694065
A20: 20000 | B20: =Inserção_Melhorado!B27 -> 591.73 | C20: =Inserção_Melhorado!C27 -> 19.269732 | D20: =Inserção_Melhorado!D27 -> 19.250911 | E20: =Inserção_Melhorado!E27 -> 30.708487 | F20: =Inserção_Melhorado!F27 -> 30.738373
A21: 50000 | B21: =Inserção_Melhorado!B40 -> 4071.896 | C21: =Inserção_Melhorado!C40 -> 128.61214 | D21: =Inserção_Melhorado!D40 -> 128.57958 | E21: =Inserção_Melhorado!E40 -> 31.675047 | F21: =Inserção_Melhorado!F40 -> 31.683177
A23: Seleção
A24: 10000 | B24: =Seleção!B14 -> 58.755 | C24: =Seleção!C14 -> 1.8570804 | D24: =Seleção!D14 -> 1.8449361 | E24: =Seleção!E14 -> 31.637627 | F24: =Seleção!F14 -> 31.84614
A25: 20000 | B25: =Seleção!B27 -> 234.884 | C25: =Seleção!C27 -> 7.4342559 | D25: =Seleção!D27 -> 7.4208129 | E25: =Seleção!E27 -> 31.595397 | F25: =Seleção!F27 -> 31.652864
A26: 50000 | B26: =Seleção!B40 -> 1505.108 | C26: =Seleção!C40 -> 47.111841 | D26: =Seleção!D40 -> 47.087879 | E26: =Seleção!E40 -> 31.925025 | F26: =Seleção!F40 -> 31.96381
A28: Seleção_Melhorada
A29: 10000 | B29: =Seleção_Melhorada!B14 -> 2.264 | C29: =Seleção_Melhorada!C14 -> 0.069570004 | D29: =Seleção_Melhorada!D14 -> 0.058933 | E29: =Seleção_Melhorada!E14 -> 32.568385 | F29: =Seleção_Melhorada!F14 -> 38.603805
A30: 20000 | B30: =Seleção_Melhorada!B27 -> 3.896 | C30: =Seleção_Melhorada!C27 -> 0.11920339 | D30: =Seleção_Melhorada!D27 -> 0.1074289 | E30: =Seleção_Melhorada!E27 -> 32.621201 | F30: =Seleção_Melhorada!F27 -> 36.308301
A31: 50000 | B31: =Seleção_Melhorada!B40 -> 9.231 | C31: =Seleção_Melhorada!C40 -> 0.28375421 | D31: =Seleção_Melhorada!D40 -> 0.2646655 | E31: =Seleção_Melhorada!E40 -> 32.485427 | F31: =Seleção_Melhorada!F40 -> 34.835552

Sheet Bolha
A1: ID | B1: Energia | C1: Tempo Exe | D1: Tempo CPU | E1: Potência Exe | F1: Potência CPU
A3: 10000
A4: 1 | B4: 516.58 | C4: 17.379254 | D4: 17.368219 | E4: =B4/C4 -> 29.723945 | F4: =B4/D4 -> 29.742831
A5: 2 | B5: 557.14 | C5: 18.940246 | D5: 18.923963 | E5: =B5/C5 -> 29.415668 | F5: =B5/D5 -> 29.440979
A6: 3 | B6: 517.6 | C6: 17.28511 | D6: 17.268811 | E6: =B6/C6 -> 29.944848 | F6: =B6/D6 -> 29.973112
A7: =A6+1 -> 4 | B7: 550.46 | C7: 17.97639 | D7: 17.97639 | E7: =B7/C7 -> 30.621277 | F7: =B7/D7 -> 30.621277
A8: =A7+1 -> 5 | B8: 559.95 | C8: 18.210999 | D8: 18.199274 | E8: =B8/C8 -> 30.747901 | F8: =B8/D8 -> 30.767711
A9: =A8+1 -> 6 | B9: 609.18 | C9: 19.08683 | D9: 18.989093 | E9: =B9/C9 -> 31.916248 | F9: =B9/D9 -> 32.080521
A10: =A9+1 -> 7 | B10: 525.09 | C10: 17.294783 | D10: 17.280678 | E10: =B10/C10 -> 30.361179 | F10: =B10/D10 -> 30.385961
A11: =A10+1 -> 8 | B11: 550.45 | C11: 17.946305 | D11: 17.933177 | E11: =B11/C11 -> 30.672052 | F11: =B11/D11 -> 30.694505
A12: =A11+1 -> 9 | B12: 597.58 | C12: 19.584249 | D12: 19.578402 | E12: =B12/C12 -> 30.513297 | F12: =B12/D12 -> 30.522409
A13: =A12+1 -> 10 | B13: 565.33 | C13: 18.606231 | D13: 18.599971 | E13: =B13/C13 -> 30.383908 | F13: =B13/D13 -> 30.394133
A14: Média | B14: =AVERAGE(B4:B13) -> 554.936 | C14: =AVERAGE(C4:C13) -> 18.23104 | D14: =AVERAGE(D4:D13) -> 18.211798 | E14: =AVERAGE(E4:E13) -> 30.430032 | F14: =AVERAGE(F4:F13) -> 30.462344
A16: 20000
A17: 1 | B17: 2169.79 | C17: 68.985295 | D17: 68.969449 | E17: =B17/C17 -> 31.452935 | F17: =B17/D17 -> 31.460161
A18: 2 | B18: 2263.81 | C18: 72.096823 | D18: 72.076713 | E18: =B18/C18 -> 31.39958 | F18: =B18/D18 -> 31.408341
A19: 3 | B19: 2265.15 | C19: 71.979338 | D19: 71.969091 | E19: =B19/C19 -> 31.469447 | F19: =B19/D19 -> 31.473928
A20: =A19+1 -> 4 | B20: 3072.11 | C20: 97.446498 | D20: 97.434267 | E20: =B20/C20 -> 31.52612 | F20: =B20/D20 -> 31.530078
A21: =A20+1 -> 5 | B21: 2270.45 | C21: 71.984358 | D21: 71.956753 | E21: =B21/C21 -> 31.54088 | F21: =B21/D21 -> 31.55298
A22: =A21+1 -> 6 | B22: 2384.14 | C22: 75.792914 | D22: 75.78164 | E22: =B22/C22 -> 31.455975 | F22: =B22/D22 -> 31.460655
A23: =A22+1 -> 7 | B23: 2392.02 | C23: 76.365114 | D23: 76.341645 | E23: =B23/C23 -> 31.323465 | F23: =B23/D23 -> 31.333095
A24: =A23+1 -> 8 | B24: 2300.94 | C24: 73.618841 | D24: 73.59931 | E24: =B24/C24 -> 31.254771 | F24: =B24/D24 -> 31.263065
A25: =A24+1 -> 9 | B25: 2202.61 | C25: 69.995045 | D25: 69.972398 | E25: =B25/C25 -> 31.468085 | F25: =B25/D25 -> 31.478269
A26: =A25+1 -> 10 | B26: 2242.39 | C26: 71.077262 | D26: 71.054711 | E26: =B26/C26 -> 31.548626 | F26: =B26/D26 -> 31.558639
A27: Média | B27: =AVERAGE(B17:B26) -> 2356.341 | C27: =AVERAGE(C17:C26) -> 74.934149 | D27: =AVERAGE(D17:D26) -> 74.915598 | E27: =AVERAGE(E17:E26) -> 31.443988 | F27: =AVERAGE(F17:F26) -> 31.451921
A29: 50000
A30: 1 | B30: 14300.75 | C30: 464.12732 | D30: 464.04933 | E30: =B30/C30 -> 30.812127 | F30: =B30/D30 -> 30.817306
A31: 2 | B31: 13998.19 | C31: 449.57028 | D31: 449.5356 | E31: =B31/C31 -> 31.136822 | F31: =B31/D31 -> 31.139225
A32: 3 | B32: 14131.76 | C32: 459.33435 | D32: 459.30123 | E32: =B32/C32 -> 30.765737 | F32: =B32/D32 -> 30.767956
A33: =A32+1 -> 4 | B33: 14112.25 | C33: 447.78814 | D33: 447.74846 | E33: =B33/C33 -> 31.515462 | F33: =B33/D33 -> 31.518255
A34: =A33+1 -> 5 | B34: 14747.08 | C34: 463.44009 | D34: 463.22774 | E34: =B34/C34 -> 31.820898 | F34: =B34/D34 -> 31.835486
A35: =A34+1 -> 6 | B35: 13809.37 | C35: 438.02008 | D35: 437.99352 | E35: =B35/C35 -> 31.526797 | F35: =B35/D35 -> 31.528709
A36: =A35+1 -> 7 | B36: 14669.14 | C36: 458.69721 | D36: 458.64208 | E36: =B36/C36 -> 31.980007 | F36: =B36/D36 -> 31.983851
A37: =A36+1 -> 8 | B37: 14893.02 | C37: 471.93464 | D37: 471.8758 | E37: =B37/C37 -> 31.557378 | F37: =B37/D37 -> 31.561313
A38: =A37+1 -> 9 | B38: 14129.27 | C38: 441.2818 | D38: 441.24414 | E38: =B38/C38 -> 32.018701 | F38: =B38/D38 -> 32.021434
A39: =A38+1 -> 10 | B39: 14612.8 | C39: 461.445 | D39: 461.38178 | E39: =B39/C39 -> 31.667479 | F39: =B39/D39 -> 31.671819
A40: Média | B40: =AVERAGE(B30:B39) -> 14340.363 | C40: =AVERAGE(C30:C39) -> 455.56389 | D40: =AVERAGE(D30:D39) -> 455.49997 | E40: =AVERAGE(E30:E39) -> 31.480141 | F40: =AVERAGE(F30:F39) -> 31.484535

Sheet Bolha_Melhorado
A1: ID | B1: Energia | C1: Tempo Exe | D1: Tempo CPU | E1: Potência Exe | F1: Potência CPU
A3: 10000
A4: 1 | B4: 333.83 | C4: 10.651707 | D4: 10.639156 | E4: =B4/C4 -> 31.340517 | F4: =B4/D4 -> 31.377489
A5: 2 | B5: 324.66 | C5: 10.571162 | D5: 10.540837 | E5: =B5/C5 -> 30.711856 | F5: =B5/D5 -> 30.800211
A6: 3 | B6: 343.49 | C6: 11.135602 | D6: 11.094126 | E6: =B6/C6 -> 30.846109 | F6: =B6/D6 -> 30.961429
A7: =A6+1 -> 4 | B7: 330.32 | C7: 10.644528 | D7: 10.63478 | E7: =B7/C7 -> 31.031907 | F7: =B7/D7 -> 31.060351
A8: =A7+1 -> 5 | B8: 340.19 | C8: 10.978521 | D8: 10.964862 | E8: =B8/C8 -> 30.986868 | F8: =B8/D8 -> 31.02547
A9: =A8+1 -> 6 | B9: 347.04 | C9: 11.143412 | D9: 11.134392 | E9: =B9/C9 -> 31.143064 | F9: =B9/D9 -> 31.168294
A10: =A9+1 -> 7 | B10: 321.37 | C10: 10.46911 | D10: 10.451753 | E10: =B10/C10 -> 30.696974 | F10: =B10/D10 -> 30.747952
A11: =A10+1 -> 8 | B11: 374.72 | C11: 12.228401 | D11: 12.218179 | E11: =B11/C11 -> 30.643418 | F11: =B11/D11 -> 30.669055
A12: =A11+1 -> 9 | B12: 325.35 | C12: 10.482863 | D12: 10.476958 | E12: =B12/C12 -> 31.03637 | F12: =B12/D12 -> 31.053861
A13: =A12+1 -> 10 | B13: 371.3 | C13: 11.989556 | D13: 11.966896 | E13: =B13/C13 -> 30.96862 | F13: =B13/D13 -> 31.027261
A14: Média | B14: =AVERAGE(B4:B13) -> 341.227 | C14: =AVERAGE(C4:C13) -> 11.029486 | D14: =AVERAGE(D4:D13) -> 11.012194 | E14: =AVERAGE(E4:E13) -> 30.94057 | F14: =AVERAGE(F4:F13) -> 30.989137
A16: 20000
A17: 1 | B17: 1289.42 | C17: 41.710069 | D17: 41.662444 | E17: =B17/C17 -> 30.913879 | F17: =B17/D17 -> 30.949217
A18: 2 | B18: 1343.35 | C18: 42.439242 | D18: 42.425969 | E18: =B18/C18 -> 31.653487 | F18: =B18/D18 -> 31.66339
A19: 3 | B19: 1306.38 | C19: 42.175675 | D19: 42.164751 | E19: =B19/C19 -> 30.974726 | F19: =B19/D19 -> 30.982751
A20: =A19+1 -> 4 | B20: 1363.19 | C20: 43.979887 | D20: 43.965316 | E20: =B20/C20 -> 30.995759 | F20: =B20/D20 -> 31.006032
A21: =A20+1 -> 5 | B21: 1303.02 | C21: 42.157379 | D21: 42.138852 | E21: =B21/C21 -> 30.908468 | F21: =B21/D21 -> 30.922057
A22: =A21+1 -> 6 | B22: 1393.41 | C22: 45.221899 | D22: 45.207229 | E22: =B22/C22 -> 30.812726 | F22: =B22/D22 -> 30.822725
A23: =A22+1 -> 7 | B23: 1361.23 | C23: 44.259565 | D23: 44.252257 | E23: =B23/C23 -> 30.755612 | F23: =B23/D23 -> 30.760691
A24: =A23+1 -> 8 | B24: 1319.38 | C24: 42.535951 | D24: 42.513756 | E24: =B24/C24 -> 31.017997 | F24: =B24/D24 -> 31.03419
A25: =A24+1 -> 9 | B25: 1384.55 | C25: 44.567947 | D25: 44.55237 | E25: =B25/C25 -> 31.066049 | F25: =B25/D25 -> 31.07691
A26: =A25+1 -> 10 | B26: 1334.24 | C26: 43.033131 | D26: 43.020516 | E26: =B26/C26 -> 31.004948 | F26: =B26/D26 -> 31.01404
A27: Média | B27: =AVERAGE(B17:B26) -> 1339.817 | C27: =AVERAGE(C17:C26) -> 43.208074 | D27: =AVERAGE(D17:D26) -> 43.190346 | E27: =AVERAGE(E17:E26) -> 31.010365 | F27: =AVERAGE(F17:F26) -> 31.0232
A29: 50000
A30: 1 | B30: 8168.72 | C30: 262.41984 | D30: 262.3117 | E30: =B30/C30 -> 31.128439 | F30: =B30/D30 -> 31.141272
A31: 2 | B31: 8724.6 | C31: 281.2308 | D31: 281.10796 | E31: =B31/C31 -> 31.022918 | F31: =B31/D31 -> 31.036474
A32: 3 | B32: 8325.61 | C32: 267.39049 | D32: 267.36345 | E32: =B32/C32 -> 31.136522 | F32: =B32/D32 -> 31.139672
A33: =A32+1 -> 4 | B33: 8215.4 | C33: 281.23045 | D33: 281.1102 | E33: =B33/C33 -> 29.212342 | F33: =B33/D33 -> 29.224838
A34: =A33+1 -> 5 | B34: 8168.72 | C34: 262.3117 | D34: 262.3081 | E34: =B34/C34 -> 31.141272 | F34: =B34/D34 -> 31.141699
A35: =A34+1 -> 6 | B35: 8325.61 | C35: 267.39012 | D35: 267.3608 | E35: =B35/C35 -> 31.136565 | F35: =B35/D35 -> 31.13998
A36: =A35+1 -> 7 | B36: 8540.15 | C36: 274.81053 | D36: 274.81053 | E36: =B36/C36 -> 31.076502 | F36: =B36/D36 -> 31.076502
A37: =A36+1 -> 8 | B37: 8412.3 | C37: 270.6204 | D37: 270.58011 | E37: =B37/C37 -> 31.08524 | F37: =B37/D37 -> 31.089868
A38: =A37+1 -> 9 | B38: 8380.25 | C38: 269.43061 | D38: 269.3805 | E38: =B38/C38 -> 31.103556 | F38: =B38/D38 -> 31.109342
A39: =A38+1 -> 10 | B39: 8290.4 | C39: 266.1709 | D39: 266.12035 | E39: =B39/C39 -> 31.146906 | F39: =B39/D39 -> 31.152822
A40: Média | B40: =AVERAGE(B30:B39) -> 8355.176 | C40: =AVERAGE(C30:C39) -> 270.30058 | D40: =AVERAGE(D30:D39) -> 270.24537 | E40: =AVERAGE(E30:E39) -> 30.919026 | F40: =AVERAGE(F30:F39) -> 30.925247

Sheet Inserção
A1: ID | B1: Energia | C1: Tempo Exe | D1: Tempo CPU | E1: Potência Exe | F1: Potência CPU
A3: 10000
A4: 1 | B4: 238.9 | C4: 7.7736155 | D4: 7.763985 | E4: =B4/C4 -> 30.73216 | F4: =B4/D4 -> 30.770281
A5: 2 | B5: 231.71 | C5: 7.4584399 | D5: 7.440943 | E5: =B5/C5 -> 31.066819 | F5: =B5/D5 -> 31.13987
A6: 3 | B6: 234.23 | C6: 7.5270498 | D6: 7.512726 | E6: =B6/C6 -> 31.118434 | F6: =B6/D6 -> 31.177764
A7: =A6+1 -> 4 | B7: 227.83 | C7: 7.3856839 | D7: 7.378499 | E7: =B7/C7 -> 30.847516 | F7: =B7/D7 -> 30.877554
A8: =A7+1 -> 5 | B8: 227.94 | C8: 7.3923849 | D8: 7.381015 | E8: =B8/C8 -> 30.834433 | F8: =B8/D8 -> 30.881932
A9: =A8+1 -> 6 | B9: 246.09 | C9: 7.9496382 | D9: 7.917351 | E9: =B9/C9 -> 30.956126 | F9: =B9/D9 -> 31.082366
A10: =A9+1 -> 7 | B10: 231.8 | C10: 7.5421208 | D10: 7.519307 | E10: =B10/C10 -> 30.734061 | F10: =B10/D10 -> 30.827309
A11: =A10+1 -> 8 | B11: 226.57 | C11: 7.3569178 | D11: 7.342849 | E11: =B11/C11 -> 30.796864 | F11: =B11/D11 -> 30.855871
A12: =A11+1 -> 9 | B12: 237.91 | C12: 7.68584 | D12: 7.665925 | E12: =B12/C12 -> 30.954327 | F12: =B12/D12 -> 31.034741
A13: =A12+1 -> 10 | B13: 239.88 | C13: 7.775779 | D13: 7.761833 | E13: =B13/C13 -> 30.849642 | F13: =B13/D13 -> 30.905071
A14: Média | B14: =AVERAGE(B4:B13) -> 234.286 | C14: =AVERAGE(C4:C13) -> 7.584747 | D14: =AVERAGE(D4:D13) -> 7.5684433 | E14: =AVERAGE(E4:E13) -> 30.889038 | F14: =AVERAGE(F4:F13) -> 30.955276
A16: 20000
A17: 1 | B17: 953.21 | C17: 30.841957 | D17: 30.820519 | E17: =B17/C17 -> 30.906275 | F17: =B17/D17 -> 30.927773
A18: 2 | B18: 914.97 | C18: 29.761636 | D18: 29.747439 | E18: =B18/C18 -> 30.743269 | F18: =B18/D18 -> 30.757942
A19: 3 | B19: 956.64 | C19: 30.808722 | D19: 30.795353 | E19: =B19/C19 -> 31.050947 | F19: =B19/D19 -> 31.064427
A20: =A19+1 -> 4 | B20: 917.14 | C20: 29.720585 | D20: 29.711989 | E20: =B20/C20 -> 30.858747 | F20: =B20/D20 -> 30.867674
A21: =A20+1 -> 5 | B21: 962.74 | C21: 30.902015 | D21: 30.891359 | E21: =B21/C21 -> 31.154603 | F21: =B21/D21 -> 31.16535
A22: =A21+1 -> 6 | B22: 904.24 | C22: 29.300076 | D22: 29.291617 | E22: =B22/C22 -> 30.861353 | F22: =B22/D22 -> 30.870266
A23: =A22+1 -> 7 | B23: 963.8 | C23: 31.033354 | D23: 31.016491 | E23: =B23/C23 -> 31.056908 | F23: =B23/D23 -> 31.073792
A24: =A23+1 -> 8 | B24: 992.66 | C24: 31.88933 | D24: 31.872552 | E24: =B24/C24 -> 31.12828 | F24: =B24/D24 -> 31.144666
A25: =A24+1 -> 9 | B25: 1017.98 | C25: 32.885921 | D25: 32.868444 | E25: =B25/C25 -> 30.954888 | F25: =B25/D25 -> 30.971347
A26: =A25+1 -> 10 | B26: 936.33 | C26: 30.340255 | D26: 30.324602 | E26: =B26/C26 -> 30.86098 | F26: =B26/D26 -> 30.87691
A27: Média | B27: =AVERAGE(B17:B26) -> 951.971 | C27: =AVERAGE(C17:C26) -> 30.748385 | D27: =AVERAGE(D17:D26) -> 30.734037 | E27: =AVERAGE(E17:E26) -> 30.957625 | F27: =AVERAGE(F17:F26) -> 30.972015
A29: 50000
A30: 1 | B30: 5812.63 | C30: 188.11402 | D30: 188.09081 | E30: =B30/C30 -> 30.899504 | F30: =B30/D30 -> 30.903318
A31: 2 | B31: 5873.28 | C31: 187.78962 | D31: 187.77271 | E31: =B31/C31 -> 31.27585 | F31: =B31/D31 -> 31.278666
A32: 3 | B32: 5927.66 | C32: 190.29236 | D32: 190.26747 | E32: =B32/C32 -> 31.150278 | F32: =B32/D32 -> 31.154353
A33: =A32+1 -> 4 | B33: 6363.24 | C33: 204.52448 | D33: 204.50384 | E33: =B33/C33 -> 31.112364 | F33: =B33/D33 -> 31.115504
A34: =A33+1 -> 5 | B34: 5842.66 | C34: 188.36704 | D34: 188.24884 | E34: =B34/C34 -> 31.017422 | F34: =B34/D34 -> 31.036897
A35: =A34+1 -> 6 | B35: 6318.17 | C35: 203.47576 | D35: 203.36883 | E35: =B35/C35 -> 31.051217 | F35: =B35/D35 -> 31.067544
A36: =A35+1 -> 7 | B36: 6293.19 | C36: 202.94845 | D36: 202.82905 | E36: =B36/C36 -> 31.00881 | F36: =B36/D36 -> 31.027064
A37: =A36+1 -> 8 | B37: 5613.83 | C37: 181.08918 | D37: 181.0674 | E37: =B37/C37 -> 31.000361 | F37: =B37/D37 -> 31.00409
A38: =A37+1 -> 9 | B38: 5713.92 | C38: 183.02728 | D38: 183.01328 | E38: =B38/C38 -> 31.218953 | F38: =B38/D38 -> 31.221341
A39: =A38+1 -> 10 | B39: 6066.68 | C39: 195.18417 | D39: 195.11407 | E39: =B39/C39 -> 31.081824 | F39: =B39/D39 -> 31.092991
A40: Média | B40: =AVERAGE(B30:B39) -> 5982.526 | C40: =AVERAGE(C30:C39) -> 192.48124 | D40: =AVERAGE(D30:D39) -> 192.42763 | E40: =B40/C40 -> 31.081087 | F40: =B40/D40 -> 31.089745

Sheet Inserção_Melhorado
A1: ID | B1: Energia | C1: Tempo Exe | D1: Tempo CPU | E1: Potência Exe | F1: Potência CPU
A3: 10000
A4: 1 | B4: 152.29 | C4: 4.9770948 | D4: 4.962508 | E4: =B4/C4 -> 30.598172 | F4: =B4/D4 -> 30.688112
A5: 2 | B5: 153.3 | C5: 5.0008252 | D5: 4.989088 | E5: =B5/C5 -> 30.654941 | F5: =B5/D5 -> 30.727059
A6: 3 | B6: 154.44 | C6: 5.041713 | D6: 5.022939 | E6: =B6/C6 -> 30.632445 | F6: =B6/D6 -> 30.746939
A7: =A6+1 -> 4 | B7: 147.25 | C7: 4.7928626 | D7: 4.776916 | E7: =B7/C7 -> 30.722767 | F7: =B7/D7 -> 30.825327
A8: =A7+1 -> 5 | B8: 147.85 | C8: 4.8294621 | D8: 4.817475 | E8: =B8/C8 -> 30.614176 | F8: =B8/D8 -> 30.690351
A9: =A8+1 -> 6 | B9: 150.23 | C9: 4.9012004 | D9: 4.889826 | E9: =B9/C9 -> 30.651675 | F9: =B9/D9 -> 30.722975
A10: =A9+1 -> 7 | B10: 159.51 | C10: 5.2312792 | D10: 5.219695 | E10: =B10/C10 -> 30.491586 | F10: =B10/D10 -> 30.559257
A11: =A10+1 -> 8 | B11: 158.35 | C11: 5.1807494 | D11: 5.165128 | E11: =B11/C11 -> 30.565076 | F11: =B11/D11 -> 30.657517
A12: =A11+1 -> 9 | B12: 148.65 | C12: 4.8670891 | D12: 4.852681 | E12: =B12/C12 -> 30.541869 | F12: =B12/D12 -> 30.632551
A13: =A12+1 -> 10 | B13: 152.86 | C13: 4.9905712 | D13: 4.980684 | E13: =B13/C13 -> 30.62976 | F13: =B13/D13 -> 30.690564
A14: Média | B14: =AVERAGE(B4:B13) -> 152.473 | C14: =AVERAGE(C4:C13) -> 4.9812847 | D14: =AVERAGE(D4:D13) -> 4.967694 | E14: =AVERAGE(E4:E13) -> 30.610247 | F14: =AVERAGE(F4:F13) -> 30.694065
A16: 20000
A17: 1 | B17: 589.31 | C17: 19.158527 | D17: 19.139273 | E17: =B17/C17 -> 30.759672 | F17: =B17/D17 -> 30.790616
A18: 2 | B18: 605.3 | C18: 19.841964 | D18: 19.841964 | E18: =B18/C18 -> 30.506053 | F18: =B18/D18 -> 30.506053
A19: 3 | B19: 577.03 | C19: 18.660386 | D19: 18.646381 | E19: =B19/C19 -> 30.922725 | F19: =B19/D19 -> 30.945951
A20: =A19+1 -> 4 | B20: 560.02 | C20: 18.3294 | D20: 18.31819 | E20: =B20/C20 -> 30.5531 | F20: =B20/D20 -> 30.571798
A21: =A20+1 -> 5 | B21: 592.74 | C21: 19.299752 | D21: 19.283665 | E21: =B21/C21 -> 30.712312 | F21: =B21/D21 -> 30.737933
A22: =A21+1 -> 6 | B22: 589.18 | C22: 19.213844 | D22: 19.177521 | E22: =B22/C22 -> 30.664347 | F22: =B22/D22 -> 30.722428
A23: =A22+1 -> 7 | B23: 611.27 | C23: 19.894799 | D23: 19.838461 | E23: =B23/C23 -> 30.725116 | F23: =B23/D23 -> 30.81237
A24: =A23+1 -> 8 | B24: 585.35 | C24: 19.190543 | D24: 19.179251 | E24: =B24/C24 -> 30.502003 | F24: =B24/D24 -> 30.519961
A25: =A24+1 -> 9 | B25: 595.19 | C25: 19.156988 | D25: 19.149668 | E25: =B25/C25 -> 31.069081 | F25: =B25/D25 -> 31.080957
A26: =A25+1 -> 10 | B26: 611.91 | C26: 19.951117 | D26: 19.934739 | E26: =B26/C26 -> 30.670463 | F26: =B26/D26 -> 30.695661
A27: Média | B27: =AVERAGE(B17:B26) -> 591.73 | C27: =AVERAGE(C17:C26) -> 19.269732 | D27: =AVERAGE(D17:D26) -> 19.250911 | E27: =AVERAGE(E17:E26) -> 30.708487 | F27: =AVERAGE(F17:F26) -> 30.738373
A29: 50000
A30: 1 | B30: 4102.26 | C30: 134.167 | D30: 134.14326 | E30: =B30/C30 -> 30.575775 | F30: =B30/D30 -> 30.581187
A31: 2 | B31: 4072.27 | C31: 133.04932 | D31: 133.03071 | E31: =B31/C31 -> 30.607221 | F31: =B31/D31 -> 30.611504
A32: 3 | B32: 3985.88 | C32: 130.04622 | D32: 130.02387 | E32: =B32/C32 -> 30.649719 | F32: =B32/D32 -> 30.654986
A33: =A32+1 -> 4 | B33: 3996.37 | C33: 126.04791 | D33: 126.02125 | E33: =B33/C33 -> 31.705168 | F33: =B33/D33 -> 31.711873
A34: =A33+1 -> 5 | B34: 4010.26 | C34: 126.4851 | D34: 126.44562 | E34: =B34/C34 -> 31.705394 | F34: =B34/D34 -> 31.715295
A35: =A34+1 -> 6 | B35: 4037.66 | C35: 127.14356 | D35: 127.0987 | E35: =B35/C35 -> 31.756702 | F35: =B35/D35 -> 31.767911
A36: =A35+1 -> 7 | B36: 4218.95 | C36: 133.40745 | D36: 133.37482 | E36: =B36/C36 -> 31.624545 | F36: =B36/D36 -> 31.632282
A37: =A36+1 -> 8 | B37: 3899.56 | C37: 121.76281 | D37: 121.7325 | E37: =B37/C37 -> 32.025872 | F37: =B37/D37 -> 32.033845
A38: =A37+1 -> 9 | B38: 4088.11 | C38: 124.11223 | D38: 124.05316 | E38: =B38/C38 -> 32.938817 | F38: =B38/D38 -> 32.954501
A39: =A38+1 -> 10 | B39: 4307.64 | C39: 129.89978 | D39: 129.87187 | E39: =B39/C39 -> 33.161257 | F39: =B39/D39 -> 33.168383
A40: Média | B40: =AVERAGE(B30:B39) -> 4071.896 | C40: =AVERAGE(C30:C39) -> 128.61214 | D40: =AVERAGE(D30:D39) -> 128.57958 | E40: =AVERAGE(E30:E39) -> 31.675047 | F40: =AVERAGE(F30:F39) -> 31.683177

Sheet Seleção
A1: ID | B1: Energia | C1: Tempo Exe | D1: Tempo CPU | E1: Potência Exe | F1: Potência CPU
A3: 10000
A4: 1 | B4: 58.14 | C4: 1.8554128 | D4: 1.845881 | E4: =B4/C4 -> 31.335345 | F4: =B4/D4 -> 31.497155
A5: 2 | B5: 59.6 | C5: 1.8760027 | D5: 1.842952 | E5: =B5/C5 -> 31.769676 | F5: =B5/D5 -> 32.339421
A6: 3 | B6: 58.98 | C6: 1.8565862 | D6: 1.847494 | E6: =B6/C6 -> 31.767983 | F6: =B6/D6 -> 31.924326
A7: =A6+1 -> 4 | B7: 60.11 | C7: 1.8824622 | D7: 1.868751 | E7: =B7/C7 -> 31.931585 | F7: =B7/D7 -> 32.165869
A8: =A7+1 -> 5 | B8: 57.78 | C8: 1.8404645 | D8: 1.831595 | E8: =B8/C8 -> 31.394248 | F8: =B8/D8 -> 31.546275
A9: =A8+1 -> 6 | B9: 58.98 | C9: 1.8657353 | D9: 1.860172 | E9: =B9/C9 -> 31.612202 | F9: =B9/D9 -> 31.706745
A10: =A9+1 -> 7 | B10: 58.24 | C10: 1.8504498 | D10: 1.840623 | E10: =B10/C10 -> 31.473428 | F10: =B10/D10 -> 31.641461
A11: =A10+1 -> 8 | B11: 58.94 | C11: 1.8561621 | D11: 1.846558 | E11: =B11/C11 -> 31.753692 | F11: =B11/D11 -> 31.918846
A12: =A11+1 -> 9 | B12: 58.59 | C12: 1.8418798 | D12: 1.832838 | E12: =B12/C12 -> 31.809894 | F12: =B12/D12 -> 31.966819
A13: =A12+1 -> 10 | B13: 58.19 | C13: 1.8456481 | D13: 1.832497 | E13: =B13/C13 -> 31.52822 | F13: =B13/D13 -> 31.754486
A14: Média | B14: =AVERAGE(B4:B13) -> 58.755 | C14: =AVERAGE(C4:C13) -> 1.8570804 | D14: =AVERAGE(D4:D13) -> 1.8449361 | E14: =AVERAGE(E4:E13) -> 31.637627 | F14: =AVERAGE(F4:F13) -> 31.84614
A16: 20000
A17: 1 | B17: 238.96 | C17: 7.5307847 | D17: 7.523785 | E17: =B17/C17 -> 31.731089 | F17: =B17/D17 -> 31.76061
A18: 2 | B18: 230.78 | C18: 7.3314273 | D18: 7.320978 | E18: =B18/C18 -> 31.478182 | F18: =B18/D18 -> 31.523111
A19: 3 | B19: 233.16 | C19: 7.3855269 | D19: 7.369446 | E19: =B19/C19 -> 31.569853 | F19: =B19/D19 -> 31.638742
A20: =A19+1 -> 4 | B20: 233.8 | C20: 7.3608755 | D20: 7.345571 | E20: =B20/C20 -> 31.762526 | F20: =B20/D20 -> 31.828703
A21: =A20+1 -> 5 | B21: 232.57 | C21: 7.3893813 | D21: 7.364146 | E21: =B21/C21 -> 31.473542 | F21: =B21/D21 -> 31.581395
A22: =A21+1 -> 6 | B22: 232.34 | C22: 7.3624038 | D22: 7.342521 | E22: =B22/C22 -> 31.557628 | F22: =B22/D22 -> 31.643083
A23: =A22+1 -> 7 | B23: 237.6 | C23: 7.548943 | D23: 7.548943 | E23: =B23/C23 -> 31.474605 | F23: =B23/D23 -> 31.474605
A24: =A23+1 -> 8 | B24: 233.54 | C24: 7.3799203 | D24: 7.363857 | E24: =B24/C24 -> 31.645328 | F24: =B24/D24 -> 31.714358
A25: =A24+1 -> 9 | B25: 233.96 | C25: 7.3586288 | D25: 7.346476 | E25: =B25/C25 -> 31.793967 | F25: =B25/D25 -> 31.846562
A26: =A25+1 -> 10 | B26: 242.13 | C26: 7.6946678 | D26: 7.682406 | E26: =B26/C26 -> 31.467245 | F26: =B26/D26 -> 31.51747
A27: Média | B27: =AVERAGE(B17:B26) -> 234.884 | C27: =AVERAGE(C17:C26) -> 7.4342559 | D27: =AVERAGE(D17:D26) -> 7.4208129 | E27: =AVERAGE(E17:E26) -> 31.595397 | F27: =AVERAGE(F17:F26) -> 31.652864
A29: 50000
A30: 1 | B30: 1472.34 | C30: 46.434536 | D30: 46.41445 | E30: =B30/C30 -> 31.707865 | F30: =B30/D30 -> 31.721587
A31: 2 | B31: 1473.81 | C31: 46.639646 | D31: 46.611528 | E31: =B31/C31 -> 31.59994 | F31: =B31/D31 -> 31.619002
A32: 3 | B32: 1464.59 | C32: 46.244406 | D32: 46.225643 | E32: =B32/C32 -> 31.670642 | F32: =B32/D32 -> 31.683497
A33: =A32+1 -> 4 | B33: 1487.15 | C33: 46.806329 | D33: 46.772896 | E33: =B33/C33 -> 31.772413 | F33: =B33/D33 -> 31.795123
A34: =A33+1 -> 5 | B34: 1770.1 | C34: 52.596318 | D34: 52.566905 | E34: =B34/C34 -> 33.654447 | F34: =B34/D34 -> 33.673278
A35: =A34+1 -> 6 | B35: 1461.18 | C35: 46.020723 | D35: 46.005922 | E35: =B35/C35 -> 31.750479 | F35: =B35/D35 -> 31.760694
A36: =A35+1 -> 7 | B36: 1503.92 | C36: 47.216702 | D36: 47.187841 | E36: =B36/C36 -> 31.851441 | F36: =B36/D36 -> 31.870922
A37: =A36+1 -> 8 | B37: 1472.5 | C37: 46.291706 | D37: 46.259843 | E37: =B37/C37 -> 31.809154 | F37: =B37/D37 -> 31.831063
A38: =A37+1 -> 9 | B38: 1473.85 | C38: 46.458979 | D38: 46.443346 | E38: =B38/C38 -> 31.723684 | F38: =B38/D38 -> 31.734363
A39: =A38+1 -> 10 | B39: 1471.64 | C39: 46.409067 | D39: 46.390411 | E39: =B39/C39 -> 31.710183 | F39: =B39/D39 -> 31.722935
A40: Média | B40: =AVERAGE(B30:B39) -> 1505.108 | C40: =AVERAGE(C30:C39) -> 47.111841 | D40: =AVERAGE(D30:D39) -> 47.087879 | E40: =AVERAGE(E30:E39) -> 31.925025 | F40: =B40/D40 -> 31.96381

Sheet Seleção_Melhorada
A1: ID | B1: Energia | C1: Tempo Exe | D1: Tempo CPU | E1: Potência Exe | F1: Potência CPU
A3: 10000
A4: 1 | B4: 2.14 | C4: 0.066283581 | D4: 0.057019 | E4: =B4/C4 -> 32.285522 | F4: =B4/D4 -> 37.531349
A5: 2 | B5: 2.78 | C5: 0.071669956 | D5: 0.061429 | E5: =B5/C5 -> 38.788917 | F5: =B5/D5 -> 45.255498
A6: 3 | B6: 2.02 | C6: 0.066087317 | D6: 0.06115 | E6: =B6/C6 -> 30.565623 | F6: =B6/D6 -> 33.033524
A7: =A6+1 -> 4 | B7: 2.6 | C7: 0.069562609 | D7: 0.05529 | E7: =B7/C7 -> 37.376401 | F7: =B7/D7 -> 47.024778
A8: =A7+1 -> 5 | B8: 2.43 | C8: 0.068902409 | D8: 0.059066 | E8: =B8/C8 -> 35.267272 | F8: =B8/D8 -> 41.140419
A9: =A8+1 -> 6 | B9: 2.14 | C9: 0.071103347 | D9: 0.061181 | E9: =B9/C9 -> 30.097036 | F9: =B9/D9 -> 34.97818
A10: =A9+1 -> 7 | B10: 2.26 | C10: 0.06679525 | D10: 0.057788 | E10: =B10/C10 -> 33.834741 | F10: =B10/D10 -> 39.108465
A11: =A10+1 -> 8 | B11: 2.1 | C11: 0.073227128 | D11: 0.056083 | E11: =B11/C11 -> 28.677897 | F11: =B11/D11 -> 37.444502
A12: =A11+1 -> 9 | B12: 2.14 | C12: 0.074848291 | D12: 0.068856 | E12: =B12/C12 -> 28.591167 | F12: =B12/D12 -> 31.079354
A13: =A12+1 -> 10 | B13: 2.03 | C13: 0.067220151 | D13: 0.051468 | E13: =B13/C13 -> 30.199278 | F13: =B13/D13 -> 39.441983
A14: Média | B14: =AVERAGE(B4:B13) -> 2.264 | C14: =AVERAGE(C4:C13) -> 0.069570004 | D14: =AVERAGE(D4:D13) -> 0.058933 | E14: =AVERAGE(E4:E13) -> 32.568385 | F14: =AVERAGE(F4:F13) -> 38.603805
A16: 20000
A17: 1 | B17: 3.78 | C17: 0.12391982 | D17: 0.117795 | E17: =B17/C17 -> 30.503594 | F17: =B17/D17 -> 32.089647
A18: 2 | B18: 4.32 | C18: 0.1257347 | D18: 0.119373 | E18: =B18/C18 -> 34.358056 | F18: =B18/D18 -> 36.189088
A19: 3 | B19: 4.83 | C19: 0.12829699 | D19: 0.115138 | E19: =B19/C19 -> 37.647024 | F19: =B19/D19 -> 41.94966
A20: =A19+1 -> 4 | B20: 3.65 | C20: 0.117791 | D20: 0.111935 | E20: =B20/C20 -> 30.987088 | F20: =B20/D20 -> 32.60821
A21: =A20+1 -> 5 | B21: 3.63 | C21: 0.11542496 | D21: 0.102092 | E21: =B21/C21 -> 31.449004 | F21: =B21/D21 -> 35.556165
A22: =A21+1 -> 6 | B22: 3.73 | C22: 0.11870286 | D22: 0.094095 | E22: =B22/C22 -> 31.423001 | F22: =B22/D22 -> 39.640789
A23: =A22+1 -> 7 | B23: 3.53 | C23: 0.11202491 | D23: 0.098559 | E23: =B23/C23 -> 31.510849 | F23: =B23/D23 -> 35.81611
A24: =A23+1 -> 8 | B24: 3.53 | C24: 0.11292957 | D24: 0.103319 | E24: =B24/C24 -> 31.258422 | F24: =B24/D24 -> 34.166029
A25: =A24+1 -> 9 | B25: 3.69 | C25: 0.11752961 | D25: 0.105287 | E25: =B25/C25 -> 31.396343 | F25: =B25/D25 -> 35.047062
A26: =A25+1 -> 10 | B26: 4.27 | C26: 0.11967949 | D26: 0.106696 | E26: =B26/C26 -> 35.678629 | F26: =B26/D26 -> 40.020244
A27: Média | B27: =AVERAGE(B17:B26) -> 3.896 | C27: =AVERAGE(C17:C26) -> 0.11920339 | D27: =AVERAGE(D17:D26) -> 0.1074289 | E27: =AVERAGE(E17:E26) -> 32.621201 | F27: =AVERAGE(F17:F26) -> 36.308301
A29: 50000
A30: 1 | B30: 8.98 | C30: 0.28411076 | D30: 0.250309 | E30: =B30/C30 -> 31.607391 | F30: =B30/D30 -> 35.875658
A31: 2 | B31: 10.12 | C31: 0.30904946 | D31: 0.281809 | E31: =B31/C31 -> 32.745567 | F31: =B31/D31 -> 35.910847
A32: 3 | B32: 11.18 | C32: 0.29959593 | D32: 0.285379 | E32: =B32/C32 -> 37.316928 | F32: =B32/D32 -> 39.175973
A33: =A32+1 -> 4 | B33: 8.5 | C33: 0.26810209 | D33: 0.24838 | E33: =B33/C33 -> 31.704341 | F33: =B33/D33 -> 34.221757
A34: =A33+1 -> 5 | B34: 8.8 | C34: 0.28323537 | D34: 0.263782 | E34: =B34/C34 -> 31.069566 | F34: =B34/D34 -> 33.360881
A35: =A34+1 -> 6 | B35: 8.95 | C35: 0.27870541 | D35: 0.259529 | E35: =B35/C35 -> 32.112761 | F35: =B35/D35 -> 34.485549
A36: =A35+1 -> 7 | B36: 8.67 | C36: 0.27792731 | D36: 0.270769 | E36: =B36/C36 -> 31.195208 | F36: =B36/D36 -> 32.019914
A37: =A36+1 -> 8 | B37: 9.81 | C37: 0.29367054 | D37: 0.277786 | E37: =B37/C37 -> 33.40478 | F37: =B37/D37 -> 35.314955
A38: =A37+1 -> 9 | B38: 8.49 | C38: 0.26865852 | D38: 0.249409 | E38: =B38/C38 -> 31.601454 | F38: =B38/D38 -> 34.040472
A39: =A38+1 -> 10 | B39: 8.81 | C39: 0.27448666 | D39: 0.259503 | E39: =B39/C39 -> 32.096278 | F39: =B39/D39 -> 33.949511
A40: Média | B40: =AVERAGE(B30:B39) -> 9.231 | C40: =AVERAGE(C30:C39) -> 0.28375421 | D40: =AVERAGE(D30:D39) -> 0.2646655 | E40: =AVERAGE(E30:E39) -> 32.485427 | F40: =AVERAGE(F30:F39) -> 34.835552
